96513,61309,42039,72059,72279,77192,77191,77364,95969,81901,18963,31711,42568,71864,96249,24586,55618,42317,88040,23776,90961,91004,91148,88114,89780,92580
19199,3367,35713,1335,1338,4852,22654,34728,36768,43226,47678,58104,58876,62006,2887,5879,15372,21068,41522,55050,67509,71963,72544,80457,83850,85175,92656
86425,12601,9583,48985,83576,16322,66930,16615,17595,34288,62818,71781,88448,58928,19266,69523,37952,52475,56884,51468,16415,68737,9110,34425,58754,92948
1547,80653,25271,25911,54671,78861,24121,83000,70407,77030,60917,16041,13698,53162,41321,77196,52440,43326,29960,75597,26026,28660,35955,36367,73535,30328,37873
49143,47394,19129,61175,71078,82595,36107,12942,83621,13514,22275,88695,17452,63317,42863,70003,81892,55728,57991,13520,47601,72654,36540,54898,84664,30878,42839
45448,45072,116,38755,55253,79694,9139,30137,73599,74833,82383,22766,27985,86101,54803,4458,78885,11416,47511,49153,95561,11230,92644,69192,90666,69020,74583,48568
64239,57958,36314,56167,26993,62119,80273,94319,32950,66854,70828,47333,52951,69419,83693,88873,67274,70653,90620,6258,17217,81275,42131,79776,65237,78972
54821,67253,92005,4561,8098,80560,68084,81479,18229,11785,72590,69996,11031,32397,89400,69548,47632,71575,53769,91531,9008,69077,88747,42057,51216,4837,73069,16070,55193
15820,49366,54488,65609,68003,78850,814,12566,28415,42166,44682,47744,79069,8605,9064,36579,38680,57460,95864,34315,58660,94668,10217,10682,47041,82517
11511,15110,15467,21107,52766,78324,94915,33890,48285,68162,71023,79695,83244,83515,88454,37630,63577,11901,27424,27729,34877,45208,56637,60326,72649,77154,85860
78824,50615,87090,6577,41347,19471,64828,15569,42678,28893,83486,5399,15363,72505,33825,83939,13938,4252,44049,24618,90286,23901,54580,75254,59255,34027
88114,89780,92580,87915,2796,36222,52728,3579,14472,52687,67460,78878,7677,45917,42568,78393,87702,91489,81901,21186,31711,18963,71864,96249,42039,61309,72059,77192,96513
66228,82504,61874,2359,31285,39408,84832,96770,23087,34703,31822,61979,84744,4027,34917,77306,83466,14472,78878,52687,21186,88174,45917,78393,87702,91489
73010,96469,63648,86450,74236,54163,81918,52253,17146,11779,82873,4384,34302,49606,75972,56899,44141,70211,19779,45813,66684,80140,70493,95408,4378,10400,20027,27312
1007,1199,2504,3035,7796,9629,10989,17905,22587,27196,29404,38329,38638,40813,46241,48674,52715,58481,60312,76180,76687,79024,85754,87843,88346,88459,94829
1007,1199,2504,3035,7796,9629,10989,17905,22587,27196,29404,38329,38638,40813,46241,48674,52715,58481,60312,76180,76687,79024,85754,87843,88346,88459,94829
16243,45585,29222,86024,14782,19276,22894,57982,61785,68607,86764,45,9161,28079,36709,49484,52108,70232,5041,8036,24362,29971,37048,53253,67614,88859,96718
34816,40047,50863,51214,57696,61156,66426,66893,80941,30821,39582,51291,59475,69256,32329,36572,50145,62145,48822,76507,24853,37959,38365,54789,86763,88271,90219,90350,95099
11901,27424,27729,45208,72649,34877,56637,60326,77154,85860,37630,16501,27142,31534,31878,38199,66806,84256,11511,15110,15467,21107,52766,78324,94915,20305,58984,64818
64663,13666,17707,35243,83539,95009,13264,53124,77891,15305,18606,12339,42091,46465,11147,21208,36421,32598,36933,82278,80962,67126,55840,80510,81049,73895
16501,27142,31534,31878,38199,66806,84256,11901,20305,27424,27729,45208,56637,58984,64818,72649,77154,85860,34877,60326,33243,11121,27563,31315,44559,66620,37630
10879,95568,11512,30060,34867,45479,50861,65981,67123,83418,87462,15092,15148,15773,18269,20206,28735,41948,55302,94197,35901,42169,45954,47192,90759,95345
43562,57501,68410,30233,60180,81375,90443,24372,40232,48143,76078,74189,91661,92951,31503,39218,44157,53922,65023,90235,48389,85135,7740,41210,69122,94230
45795,71950,28068,71740,13349,22363,24831,28602,31853,59109,64394,85172,95092,3708,14093,28424,41677,84858,5900,12483,25166,27606,31264,33540,72348,76638,82490,96845
7593,10961,39288,49270,64030,88013,92750,45379,9652,41350,49032,70756,76635,57110,58509,62154,76107,9175,29358,71035,68578,4841,72655,81695,40704,76980,77489,84185,85553
82794,91152,10370,86489,8599,19197,24986,61467,7361,14234,22225,30042,41029,47142,3557,22728,34580,55261,67852,68575,9117,32529,33630,39638,47615,56711,70147,74681
74699,51440,516,37620,82864,76673,51815,53744,89669,29695,31863,20859,52455,60465,18820,51233,49196,57397,62578,2555,51794,80270,15127,17461,50820,73696
81496,23545,12721,24303,35741,26264,29483,50409,51290,75557,88525,37007,38135,81853,3479,88464,79924,55991,57852,29048,83332,23598,24791,82444,87038,87571,49858,4961
58750,72813,10195,15106,21805,33808,57919,66525,68189,72726,72986,81559,15167,35259,49262,52505,55752,68943,73733,95453,18998,30872,52885,58904,63138,64096
836,45817,27565,47294,35780,63236,39126,86777,8034,64424,6838,70564,72701,95994,71466,48115,66217,6734,21605,73878,40596,2152,3631,90915,49301,93,48807,60569
7824,59089,46154,29929,48941,21136,35595,57872,77076,87242,139,44657,96993,65265,59348,5475,45689,79523,15724,78289,36509,52124,6044,22414,49052,24652
51629,6487,25693,65140,73409,85985,97132,34119,76797,9698,9702,31161,40404,41660,441,2234,11499,12155,15470,23005,37531,37842,41086,43986,65434,84628,89498,90016,97464
15214,15824,56561,26706,97276,2730,51889,27110,82471,10012,91141,95835,1229,2174,21148,32874,35630,39022,48874,48906,49176,58466,89818,3393,12080,29718,38029,47125,85135
24866,73989,3524,5713,6898,11859,14906,16818,17105,21721,22910,25057,27376,39380,40062,41775,54775,60811,61705,70217,73776,75660,82460,88257,93044,93766,97631,30739,91089
36350,43672,50923,51729,56237,58793,63932,70762,72341,32713,12372,13986,19438,20411,23170,26163,28107,40890,41413,43558,44798,50855,51196,56326,57183,83295,90325
19377,21488,40881,43945,58603,67360,82467,14316,5762,7122,15223,20897,25414,41557,46509,52758,63905,65238,65812,69337,83375,84968,86506,90502,55335,51389,79325,22336
14316,5762,7122,15223,20897,25414,41557,46509,52758,63905,65238,65812,69337,83375,84968,86506,19377,21488,40881,43945,58603,67360,82467,90502,55335,51389,79325,34823,53497
78861,54671,60917,83000,70407,1547,25911,77030,24121,53162,25271,29960,80653,13698,41321,52440,16041,77196,26026,28660,43326,35955,48444,75597,30328,36367,73535,37873
35479,22767,1248,39686,43948,60292,83738,5799,13808,14055,28620,29072,35935,48224,50415,52610,53088,78039,79727,83999,86501,88172,31669,34601,42144,61451,82530,30619,11801
84773,4378,10400,20027,4384,7349,45813,49606,66684,75972,52253,80140,11779,82873,25412,74236,18530,44141,34302,54163,81918,86450,24175,26148,53914,56007,19118,86899
4857,15931,40136,53248,5042,25337,48532,28752,53030,431,13214,37449,47996,76768,82821,94049,31668,85174,19797,68146,51335,50516,34114,63682,41583,70480,7391,34696,41713,46069,44699,57530,59069
19589,39317,61527,79983,7609,30701,85705,94992,41232,48881,55726,60860,96230,33429,39062,51392,67773,82161,96283,6264,20308,20872,21582,32146,32976,35157,37695,40578,51267,69722,77077,86054,87607
2341,86988,17172,41056,6737,9302,22739,33368,71513,86803,92590,93970,95004,9365,16964,17141,20312,20491,29958,33558,33971,35035,37884,45672,60253,67149,67535,80445,83703,84526,90045
28752,53030,431,31668,48532,85174,4857,15931,40136,53248,5042,25337,50516,34114,63682,19797,41583,68146,70480,13214,37449,47996,76768,82821,94049,7391,34696,41713,46069,44699,51335,57530,59069
2341,86988,17172,41056,6737,9302,22739,33368,71513,86803,92590,93970,95004,9365,16964,17141,20312,20491,29958,33558,33971,35035,37884,45672,60253,67149,67535,80445,83703,84526,90045
30448,94459,50563,62272,91687,18807,61164,15853,71360,13072,89679,14156,69968,62856,39925,48244,5818,90289,57013,41466,42626,4061,18831,29666,91680,4846,5721,74799,50187,46280,89925,34268,59,13787
96488,12996,67844,24884,49000,48092,84208,54595,11034,76624,114,41150,47473,92994,73317,93535,97517,12118,16452,60857,45981,23298,46899,89997,28607,48839,14072,15817,53980,79410
17778,42482,45767,51038,70314,59544,3715,62710,69579,95554,16032,67770,16891,18177,24862,38058,48871,71467,91802,11709,32754,42776,92722,5482,17453,23731,49899,56609,60859,72345
19116,23085,24023,48826,94315,96911,64278,45378,65482,3396,7031,34701,44803,46406,47531,68873,76450,9552,28972,39249,40810,63305,66099,94616,97212,4801,18781,36154,37872,66446,68101,69635,72963,79047
24656,27656,37874,32976,6264,8321,13550,40578,21582,49174,60860,81855,2912,39694,82582,86362,6487,10375,30850,32299,41232,42377,51392,52251,53233,55726,71238,80716,86054,90688,96283
